name, email
Jamie Rivera,jamie.rivera@example.com
Hugh Jones,hugh.jones@example.com
Jack Johnson, jack123@example.com
Rachel Gray,rachel.gray@polly.com
Edward Watson,edward.watson@polly.com
Abigail Manning,abigail.manning@polly.com
Madeleine Sanderson,madeleine.sanderson@polly.com
Anne Peters,anne.peters@polly.com
Liam MacLeod,liam.macleod@polly.com
Angela Hemmings,angela.hemmings@polly.com
Theresa Burgess,theresa.burgess@polly.com
Alexander Wright,alexander.wright@polly.com
Joan Arnold,joan.arnold@polly.com
Mary Nolan,mary.nolan@polly.com
Connor Jackson,connor.jackson@polly.com
Jason Berry,jason.berry@polly.com
Joe Burgess,joe.burgess@polly.com
Diane Graham,diane.graham@polly.com
Bella Chapman,bella.chapman@polly.com
Jasmine Clark,jasmine.clark@polly.com
Evan Parr,evan.parr@polly.com
Neil Rees,neil.rees@polly.com
Trevor Thomson,trevor.thomson@polly.com